{"mfu":-100,"_timestamp":1.7290981156484153e+09,"val/loss":10.03458023071289,"_wandb":{"runtime":1050},"_runtime":261.285154834,"lr":0,"_step":0,"iter":0,"train/loss":10.031009674072266}