{"_wandb":{"runtime":0},"_timestamp":1.7290941509276571e+09,"_runtime":0.847417386,"_step":7,"acc":0.7769358358849242,"loss":0.21947351914482327}